강,접수번호,국   명,천연기념물,멸종 위기종,구조 일자,구조결과일자,구조 결과,발견장소 특징,기준일자
조강(Aves),2021-0001,말똥가리,해당없음,해당없음,2021-01-02,2021-01-02,DOA,숲,2021-09-13
포유강(Mammalia),2021-0002,너구리,해당없음,해당없음,2021-01-02,2021-01-13,폐사,농경지,2021-09-13
조강(Aves),2021-0003,참매,323-1,2 급,2021-01-02,2021-01-03,DOA,숲,2021-09-13
포유강(Mammalia),2021-0004,너구리,해당없음,해당없음,2021-01-04,2021-01-06,안락사,건물옆,2021-09-13
조강(Aves),2021-0005,직박구리,해당없음,해당없음,2021-01-04,2021-01-04,DOA,기타,2021-09-13
포유강(Mammalia),2021-0006,고라니,해당없음,해당없음,2021-01-04,2021-01-08,방생,도로변,2021-09-13
조강(Aves),2021-0007,황조롱이,323-8,해당없음,2021-01-06,2021-01-11,안락사,건물옆,2021-09-13
조강(Aves),2021-0008,왜가리,해당없음,해당없음,2021-01-07,2021-01-07,DOA,농경지,2021-09-13
조강(Aves),2021-0009,집비둘기,해당없음,해당없음,2021-01-08,2021-01-14,안락사,건물옆,2021-09-13
조강(Aves),2021-0010,밀화부리,해당없음,해당없음,2021-01-08,2021-01-21,방생,건물옆,2021-09-13
조강(Aves),2021-0011,말똥가리,해당없음,해당없음,2021-01-08,2021-01-09,DOA,숲,2021-09-13
조강(Aves),2021-0012,집비둘기,해당없음,해당없음,2021-01-08,2021-01-08,방생,건물옆,2021-09-13
조강(Aves),2021-0013,떼까마귀,해당없음,해당없음,2021-01-08,2021-02-09,방생,건물옆,2021-09-13
조강(Aves),2021-0014,붉은머리오목눈이,해당없음,해당없음,2021-01-09,2021-01-09,DOA,건물옆,2021-09-13
조강(Aves),2021-0015,붉은머리오목눈이,해당없음,해당없음,2021-01-09,2021-01-09,DOA,건물옆,2021-09-13
포유강(Mammalia),2021-0016,고라니,해당없음,해당없음,2021-01-09,2021-01-11,안락사,건물옆,2021-09-13
조강(Aves),2021-0017,동박새,해당없음,해당없음,2021-01-10,2021-01-10,DOA,건물옆,2021-09-13
조강(Aves),2021-0018,직박구리,해당없음,해당없음,2021-01-11,2021-01-13,방생,기타,2021-09-13
조강(Aves),2021-0019,큰말똥가리,해당없음,2 급,2021-01-11,2021-01-27,방생,농경지,2021-09-13
조강(Aves),2021-0020,말똥가리,해당없음,해당없음,2021-01-12,2021-01-18,방생,기타,2021-09-13
조강(Aves),2021-0021,집비둘기,해당없음,해당없음,2021-01-12,2021-02-09,방생,건물옆,2021-09-13
조강(Aves),2021-0022,떼까마귀,해당없음,해당없음,2021-01-12,2021-01-14,폐사,농경지,2021-09-13
조강(Aves),2021-0023,말똥가리,해당없음,해당없음,2021-01-12,2021-01-18,방생,도로변,2021-09-13
조강(Aves),2021-0024,황조롱이,323-8,해당없음,2021-01-13,2021-02-08,방생,건물옆,2021-09-13
조강(Aves),2021-0025,새매,323-4,2 급,2021-01-13,2021-01-14,DOA,기타,2021-09-13
조강(Aves),2021-0026,물총새,해당없음,해당없음,2021-01-14,2021-01-14,DOA,건물옆,2021-09-13
조강(Aves),2021-0027,집비둘기,해당없음,해당없음,2021-01-15,2021-01-16,안락사,도로변,2021-09-13
조강(Aves),2021-0028,떼까마귀,해당없음,해당없음,2021-01-16,2021-01-16,DOA,강 바다,2021-09-13
조강(Aves),2021-0029,큰말똥가리,해당없음,2 급,2021-01-16,2021-02-01,안락사,기타,2021-09-13
포유강(Mammalia),2021-0030,고라니,해당없음,해당없음,2021-01-17,2021-01-26,폐사,건물옆,2021-09-13
포유강(Mammalia),2021-0031,고라니,해당없음,해당없음,2021-01-17,2021-01-17,안락사,도로변,2021-09-13
포유강(Mammalia),2021-0032,너구리,해당없음,해당없음,2021-01-17,2021-05-27,방생,건물옆,2021-09-13
조강(Aves),2021-0033,붉은부리갈매기,해당없음,해당없음,2021-01-18,2021-01-18,안락사,강 바다,2021-09-13
조강(Aves),2021-0034,동박새,해당없음,해당없음,2021-01-19,2021-01-19,방생,건물옆,2021-09-13
조강(Aves),2021-0035,직박구리,해당없음,해당없음,2021-01-19,2021-01-19,DOA,건물옆,2021-09-13
조강(Aves),2021-0036,떼까마귀,해당없음,해당없음,2021-01-20,2021-03-05,안락사,농경지,2021-09-13
포유강(Mammalia),2021-0037,너구리,해당없음,해당없음,2021-01-20,2021-02-08,방생,기타,2021-09-13
조강(Aves),2021-0038,동박새,해당없음,해당없음,2021-01-20,2021-01-21,방생,건물옆,2021-09-13
조강(Aves),2021-0039,직박구리,해당없음,해당없음,2021-01-21,2021-02-22,방생,건물옆,2021-09-13
조강(Aves),2021-0040,집비둘기,해당없음,해당없음,2021-01-23,2021-01-26,폐사,건물옆,2021-09-13
조강(Aves),2021-0041,큰회색머리아비,해당없음,해당없음,2021-01-24,2021-01-24,DOA,건물옆,2021-09-13
조강(Aves),2021-0042,후투티,해당없음,해당없음,2021-01-24,2021-02-08,방생,농경지,2021-09-13
조강(Aves),2021-0043,직박구리,해당없음,해당없음,2021-01-25,2021-01-25,방생,기타,2021-09-13
조강(Aves),2021-0044,새매,323-4,2 급,2021-01-25,2021-02-08,방생,기타,2021-09-13
조강(Aves),2021-0045,말똥가리,해당없음,해당없음,2021-01-26,2021-02-09,방생,숲,2021-09-13
포유강(Mammalia),2021-0046,고라니,해당없음,해당없음,2021-01-27,2021-01-27,DOA,기타,2021-09-13
포유강(Mammalia),2021-0047,담비,해당없음,2 급,2021-01-25,2021-01-27,폐사체,도로변,2021-09-13
조강(Aves),2021-0048,독수리,243-1,2 급,2021-01-28,2021-01-28,폐사체,도로변,2021-09-13
조강(Aves),2021-0049,독수리,243-1,2 급,2021-01-28,2021-03-16,방생,도로변,2021-09-13
조강(Aves),2021-0050,홍여새,해당없음,해당없음,2021-01-29,2021-03-22,안락사,건물옆,2021-09-13
포유강(Mammalia),2021-0051,너구리,해당없음,해당없음,2021-01-30,2021-02-02,폐사,숲,2021-09-13
포유강(Mammalia),2021-0052,너구리,해당없음,해당없음,2021-01-31,2021-02-03,폐사,숲,2021-09-13
조강(Aves),2021-0053,떼까마귀,해당없음,해당없음,2021-02-01,2021-03-10,안락사,건물옆,2021-09-13
조강(Aves),2021-0054,집비둘기,해당없음,해당없음,2021-02-01,2021-02-09,방생,건물옆,2021-09-13
조강(Aves),2021-0055,떼까마귀,해당없음,해당없음,2021-02-01,2021-03-30,방생,도로변,2021-09-13
조강(Aves),2021-0056,수리부엉이,324-2,2 급,2021-02-02,2021-02-09,방생,농경지,2021-09-13
조강(Aves),2021-0057,꿩,해당없음,해당없음,2021-02-02,2021-02-17,방생,건물옆,2021-09-13
조강(Aves),2021-0058,멧비둘기,해당없음,해당없음,2021-02-02,2021-03-22,방생,건물옆,2021-09-13
조강(Aves),2021-0059,황조롱이,323-8,해당없음,2021-02-02,2021-02-02,DOA,건물옆,2021-09-13
포유강(Mammalia),2021-0060,족제비,해당없음,해당없음,2021-02-02,2021-02-03,DOA,도로변,2021-09-13
조강(Aves),2021-0061,독수리,243-1,2 급,2021-02-03,2021-02-04,안락사,농경지,2021-09-13
조강(Aves),2021-0062,독수리,243-1,2 급,2021-02-04,2021-03-16,방생,농경지,2021-09-13
포유강(Mammalia),2021-0063,너구리,해당없음,해당없음,2021-02-05,2021-02-07,폐사,숲,2021-09-13
조강(Aves),2021-0064,흰배지빠귀,해당없음,해당없음,2021-02-05,2021-02-05,방생,건물옆,2021-09-13
조강(Aves),2021-0065,집비둘기,해당없음,해당없음,2021-02-05,2021-02-05,DOA,건물옆,2021-09-13
포유강(Mammalia),2021-0066,너구리,해당없음,해당없음,2021-02-05,2021-02-09,폐사,기타,2021-09-13
조강(Aves),2021-0067,떼까마귀,해당없음,해당없음,2021-02-06,2021-02-08,폐사,건물옆,2021-09-13
조강(Aves),2021-0068,독수리,243-1,2 급,2021-02-07,2021-02-08,안락사,강 바다,2021-09-13
조강(Aves),2021-0069,독수리,243-1,2 급,2021-02-07,2021-03-16,방생,숲,2021-09-13
조강(Aves),2021-0070,말똥가리,해당없음,해당없음,2021-02-08,2021-03-22,방생,도로변,2021-09-13
조강(Aves),2021-0071,집비둘기,해당없음,해당없음,2021-02-08,2021-02-09,DOA,건물옆,2021-09-13
조강(Aves),2021-0072,재갈매기,해당없음,해당없음,2021-02-09,2021-03-29,안락사,기타,2021-09-13
조강(Aves),2021-0073,집비둘기,해당없음,해당없음,2021-02-09,2021-03-15,방생,기타,2021-09-13
조강(Aves),2021-0074,떼까마귀,해당없음,해당없음,2021-02-10,2021-02-10,방생,기타,2021-09-13
포유강(Mammalia),2021-0075,고라니,해당없음,해당없음,2021-02-12,2021-02-12,안락사,도로변,2021-09-13
포유강(Mammalia),2021-0076,고라니,해당없음,해당없음,2021-02-15,2021-02-16,DOA,강 바다,2021-09-13
조강(Aves),2021-0077,집비둘기,해당없음,해당없음,2021-02-16,2021-02-16,안락사,건물옆,2021-09-13
조강(Aves),2021-0078,집비둘기,해당없음,해당없음,2021-02-16,2021-02-16,안락사,도로변,2021-09-13
조강(Aves),2021-0079,떼까마귀,해당없음,해당없음,2021-02-16,2021-02-17,안락사,도로변,2021-09-13
조강(Aves),2021-0080,멧비둘기,해당없음,해당없음,2021-02-18,2021-02-26,안락사,기타,2021-09-13
조강(Aves),2021-0081,떼까마귀,해당없음,해당없음,2021-02-18,2021-03-15,방생,기타,2021-09-13
조강(Aves),2021-0082,황조롱이,323-8,해당없음,2021-02-19,2021-06-10,방생,건물옆,2021-09-13
조강(Aves),2021-0083,뿔논병아리,해당없음,해당없음,2021-02-19,2021-02-24,방생,기타,2021-09-13
조강(Aves),2021-0084,멧비둘기,해당없음,해당없음,2021-02-19,2021-02-19,DOA,도로변,2021-09-13
조강(Aves),2021-0085,멧비둘기,해당없음,해당없음,2021-02-20,2021-02-20,DOA,건물옆,2021-09-13
조강(Aves),2021-0086,매,323-7,1 급,2021-02-21,2021-02-28,안락사,농경지,2021-09-13
조강(Aves),2021-0087,까치,해당없음,해당없음,2021-02-22,2021-06-22,안락사,건물옆,2021-09-13
포유강(Mammalia),2021-0088,고라니,해당없음,해당없음,2021-02-22,2021-02-25,안락사,강 바다,2021-09-13
파충강(Reptilia),2021-0089,남생이,453,2 급,2021-02-19,2021-02-24,DOA,건물옆,2021-09-13
조강(Aves),2021-0090,독수리,243-1,2 급,2021-02-24,2021-03-11,안락사,농경지,2021-09-13
포유강(Mammalia),2021-0091,고라니,해당없음,해당없음,2021-02-26,2021-02-27,DOA,도로변,2021-09-13
조강(Aves),2021-0092,멧비둘기,해당없음,해당없음,2021-02-27,2021-02-28,방생,건물옆,2021-09-13
포유강(Mammalia),2021-0093,너구리,해당없음,해당없음,2021-02-27,2021-02-27,DOA,기타,2021-09-13
조강(Aves),2021-0094,떼까마귀,해당없음,해당없음,2021-02-27,2021-03-19,안락사,건물옆,2021-09-13
조강(Aves),2021-0095,집비둘기,해당없음,해당없음,2021-03-01,2021-03-15,방생,건물옆,2021-09-13
조강(Aves),2021-0096,떼까마귀,해당없음,해당없음,2021-03-03,2021-03-15,방생,도로변,2021-09-13
포유강(Mammalia),2021-0097,고라니,해당없음,해당없음,2021-03-04,2021-03-04,DOA,도로변,2021-09-13
조강(Aves),2021-0098,왜가리,해당없음,해당없음,2021-03-04,2021-03-15,방생,농경지,2021-09-13
포유강(Mammalia),2021-0099,고라니,해당없음,해당없음,2021-03-04,2021-03-05,DOA,도로변,2021-09-13
포유강(Mammalia),2021-0100,고라니,해당없음,해당없음,2021-03-04,2021-03-05,DOA,도로변,2021-09-13
포유강(Mammalia),2021-0101,너구리,해당없음,해당없음,2021-03-06,2021-03-06,DOA,건물옆,2021-09-13
조강(Aves),2021-0102,큰회색머리아비,해당없음,해당없음,2021-03-07,2021-03-08,DOA,건물옆,2021-09-13
포유강(Mammalia),2021-0103,너구리,해당없음,해당없음,2021-03-09,2021-03-09,DOA,기타,2021-09-13
조강(Aves),2021-0104,집비둘기,해당없음,해당없음,2021-03-09,2021-03-13,폐사,기타,2021-09-13
포유강(Mammalia),2021-0105,고라니,해당없음,해당없음,2021-03-10,2021-03-10,방생,농경지,2021-09-13
포유강(Mammalia),2021-0106,고라니,해당없음,해당없음,2021-03-11,2021-03-16,안락사,숲,2021-09-13
조강(Aves),2021-0107,집비둘기,해당없음,해당없음,2021-03-11,2021-03-15,방생,건물옆,2021-09-13
조강(Aves),2021-0108,직박구리,해당없음,해당없음,2021-03-12,2021-03-14,방생,건물옆,2021-09-13
조강(Aves),2021-0109,흰죽지,해당없음,해당없음,2021-03-14,2021-03-14,DOA,강 바다,2021-09-13
조강(Aves),2021-0110,괭이갈매기,해당없음,해당없음,2021-03-16,2021-03-16,DOA,건물옆,2021-09-13
조강(Aves),2021-0111,멧비둘기,해당없음,해당없음,2021-03-16,2021-03-16,방생,건물옆,2021-09-13
포유강(Mammalia),2021-0112,하늘다람쥐,328,2 급,2021-03-16,2021-03-16,DOA,건물옆,2021-09-13
조강(Aves),2021-0113,딱새,해당없음,해당없음,2021-03-17,2021-03-17,DOA,건물옆,2021-09-13
조강(Aves),2021-0114,물닭,해당없음,해당없음,2021-03-17,2021-03-22,안락사,기타,2021-09-13
조강(Aves),2021-0115,독수리,243-1,2 급,2021-03-18,2021-03-25,안락사,숲,2021-09-13
조강(Aves),2021-0116,수리부엉이,324-2,2 급,2021-03-18,2021-03-25,안락사,도로변,2021-09-13
포유강(Mammalia),2021-0117,족제비,해당없음,해당없음,2021-03-19,2021-03-19,방생,기타,2021-09-13
조강(Aves),2021-0118,직박구리,해당없음,해당없음,2021-03-19,2021-03-19,방생,건물옆,2021-09-13
조강(Aves),2021-0119,집비둘기,해당없음,해당없음,2021-03-19,2021-04-15,안락사,건물옆,2021-09-13
조강(Aves),2021-0120,독수리,243-1,2 급,2021-03-21,2021-03-22,안락사,숲,2021-09-13
조강(Aves),2021-0121,독수리,243-1,2 급,2021-03-21,2021-04-08,폐사,농경지,2021-09-13
조강(Aves),2021-0122,멧비둘기,해당없음,해당없음,2021-03-21,2021-03-23,폐사,건물옆,2021-09-13
조강(Aves),2021-0123,황조롱이,323-8,해당없음,2021-03-23,2021-05-27,방생,건물옆,2021-09-13
조강(Aves),2021-0124,멧비둘기,해당없음,해당없음,2021-03-23,2021-03-23,방생,건물옆,2021-09-13
조강(Aves),2021-0125,박새,해당없음,해당없음,2021-03-23,2021-03-23,DOA,건물옆,2021-09-13
포유강(Mammalia),2021-0126,너구리,해당없음,해당없음,2021-03-24,2021-03-30,방생,건물옆,2021-09-13
조강(Aves),2021-0127,매,323-7,1 급,2021-03-24,2021-04-26,안락사,도로변,2021-09-13
포유강(Mammalia),2021-0128,너구리,해당없음,해당없음,2021-03-25,2021-03-27,폐사,건물옆,2021-09-13
조강(Aves),2021-0129,집비둘기,해당없음,해당없음,2021-03-25,2021-04-14,방생,건물옆,2021-09-13
조강(Aves),2021-0130,까치,해당없음,해당없음,2021-03-25,2021-03-30,폐사,도로변,2021-09-13
조강(Aves),2021-0131,딱새,해당없음,해당없음,2021-03-26,2021-04-03,폐사,건물옆,2021-09-13
포유강(Mammalia),2021-0132,고라니,해당없음,해당없음,2021-03-26,2021-03-26,안락사,도로변,2021-09-13
조강(Aves),2021-0133,멧비둘기,해당없음,해당없음,2021-03-27,2021-04-30,방생,기타,2021-09-13
조강(Aves),2021-0134,떼까마귀,해당없음,해당없음,2021-03-27,2021-03-28,안락사,농경지,2021-09-13
포유강(Mammalia),2021-0135,족제비,해당없음,해당없음,2021-03-29,2021-03-30,폐사,건물옆,2021-09-13
포유강(Mammalia),2021-0136,고라니,해당없음,해당없음,2021-03-30,2021-04-13,폐사,숲,2021-09-13
조강(Aves),2021-0137,개똥지빠귀,해당없음,해당없음,2021-03-30,2021-03-30,DOA,건물옆,2021-09-13
조강(Aves),2021-0138,딱새,해당없음,해당없음,2021-03-30,2021-03-30,방생,건물옆,2021-09-13
조강(Aves),2021-0139,제비,해당없음,해당없음,2021-03-30,2021-04-02,방생,건물옆,2021-09-13
조강(Aves),2021-0140,집비둘기,해당없음,해당없음,2021-03-31,2021-04-05,안락사,건물옆,2021-09-13
포유강(Mammalia),2021-0141,고라니,해당없음,해당없음,2021-03-31,2021-04-03,폐사,도로변,2021-09-13
조강(Aves),2021-0142,까치,해당없음,해당없음,2021-03-31,2021-05-27,방생,건물옆,2021-09-13
조강(Aves),2021-0143,까치,해당없음,해당없음,2021-03-31,2021-05-27,방생,건물옆,2021-09-13
조강(Aves),2021-0144,꿩,해당없음,해당없음,2021-04-01,2021-04-01,DOA,건물옆,2021-09-13
조강(Aves),2021-0145,집비둘기,해당없음,해당없음,2021-04-03,2021-04-14,방생,건물옆,2021-09-13
조강(Aves),2021-0146,붉은머리오목눈이,해당없음,해당없음,2021-04-05,2021-04-07,방생,건물옆,2021-09-13
조강(Aves),2021-0147,집비둘기,해당없음,해당없음,2021-04-05,2021-04-30,방생,건물옆,2021-09-13
조강(Aves),2021-0148,집비둘기,해당없음,해당없음,2021-04-06,2021-04-30,방생,건물옆,2021-09-13
조강(Aves),2021-0149,직박구리,해당없음,해당없음,2021-04-06,2021-04-07,방생,건물옆,2021-09-13
포유강(Mammalia),2021-0150,고라니,해당없음,해당없음,2021-04-07,2021-04-07,안락사,도로변,2021-09-13
조강(Aves),2021-0151,집비둘기,해당없음,해당없음,2021-04-08,2021-04-08,DOA,건물옆,2021-09-13
조강(Aves),2021-0152,상모솔새,해당없음,해당없음,2021-04-08,2021-04-08,DOA,건물옆,2021-09-13
조강(Aves),2021-0153,직박구리,해당없음,해당없음,2021-04-09,2021-04-11,방생,건물옆,2021-09-13
조강(Aves),2021-0154,집비둘기,해당없음,해당없음,2021-04-09,2021-05-07,방생,도로변,2021-09-13
포유강(Mammalia),2021-0155,고라니,해당없음,해당없음,2021-04-11,2021-04-11,DOA,도로변,2021-09-13
조강(Aves),2021-0156,집비둘기,해당없음,해당없음,2021-04-11,2021-05-07,방생,건물옆,2021-09-13
포유강(Mammalia),2021-0157,노루,해당없음,해당없음,2021-04-12,2021-04-12,DOA,도로변,2021-09-13
조강(Aves),2021-0158,소쩍새,324-6,해당없음,2021-04-13,2021-04-14,방생,건물옆,2021-09-13
조강(Aves),2021-0159,집비둘기,해당없음,해당없음,2021-04-13,2021-05-07,방생,건물옆,2021-09-13
조강(Aves),2021-0160,까치,해당없음,해당없음,2021-04-10,2021-04-15,안락사,기타,2021-09-13
조강(Aves),2021-0161,꿩,해당없음,해당없음,2021-04-15,2021-04-15,DOA,도로변,2021-09-13
조강(Aves),2021-0162,멧비둘기,해당없음,해당없음,2021-04-16,2021-04-16,폐사,건물옆,2021-09-13
조강(Aves),2021-0163,바다비오리,해당없음,해당없음,2021-04-16,2021-04-16,안락사,건물옆,2021-09-13
조강(Aves),2021-0164,집비둘기,해당없음,해당없음,2021-04-16,2021-04-16,DOA,도로변,2021-09-13
조강(Aves),2021-0165,검은지빠귀,해당없음,해당없음,2021-04-16,2021-04-17,DOA,건물옆,2021-09-13
조강(Aves),2021-0166,까치,해당없음,해당없음,2021-04-17,2021-05-27,방생,기타,2021-09-13
포유강(Mammalia),2021-0167,고라니,해당없음,해당없음,2021-04-17,2021-04-17,DOA,도로변,2021-09-13
조강(Aves),2021-0168,물총새,해당없음,해당없음,2021-04-19,2021-05-10,방생,도로변,2021-09-13
조강(Aves),2021-0169,딱새,해당없음,해당없음,2021-04-19,2021-04-21,안락사,건물옆,2021-09-13
조강(Aves),2021-0170,딱새,해당없음,해당없음,2021-04-19,2021-04-21,안락사,건물옆,2021-09-13
조강(Aves),2021-0171,딱새,해당없음,해당없음,2021-04-19,2021-04-21,안락사,건물옆,2021-09-13
조강(Aves),2021-0172,딱새,해당없음,해당없음,2021-04-19,2021-04-21,안락사,건물옆,2021-09-13
조강(Aves),2021-0173,딱새,해당없음,해당없음,2021-04-19,2021-04-21,폐사,건물옆,2021-09-13
포유강(Mammalia),2021-0174,고라니,해당없음,해당없음,2021-04-19,2021-04-19,DOA,도로변,2021-09-13
조강(Aves),2021-0175,까치,해당없음,해당없음,2021-04-19,2021-04-20,DOA,건물옆,2021-09-13
포유강(Mammalia),2021-0176,고라니,해당없음,해당없음,2021-04-19,2021-04-20,안락사,건물옆,2021-09-13
조강(Aves),2021-0177,소쩍새,324-6,해당없음,2021-04-20,2021-04-22,방생,건물옆,2021-09-13
조강(Aves),2021-0178,까치,해당없음,해당없음,2021-04-21,2021-05-27,방생,건물옆,2021-09-13
조강(Aves),2021-0179,까치,해당없음,해당없음,2021-04-21,2021-05-27,방생,건물옆,2021-09-13
조강(Aves),2021-0180,까치,해당없음,해당없음,2021-04-21,2021-05-27,방생,건물옆,2021-09-13
포유강(Mammalia),2021-0181,고라니,해당없음,해당없음,2021-04-21,2021-04-21,DOA,도로변,2021-09-13
포유강(Mammalia),2021-0182,고라니,해당없음,해당없음,2021-04-22,2021-04-22,DOA,도로변,2021-09-13
조강(Aves),2021-0183,딱새,해당없음,해당없음,2021-04-23,2021-04-27,폐사,도로변,2021-09-13
포유강(Mammalia),2021-0184,고라니,해당없음,해당없음,2021-04-24,2021-04-24,DOA,도로변,2021-09-13
조강(Aves),2021-0185,까치,해당없음,해당없음,2021-04-24,2021-05-15,폐사,숲,2021-09-13
조강(Aves),2021-0186,직박구리,해당없음,해당없음,2021-04-26,2021-04-26,방생,도로변,2021-09-13
포유강(Mammalia),2021-0187,너구리,해당없음,해당없음,2021-04-26,2021-07-23,방생,건물옆,2021-09-13
포유강(Mammalia),2021-0188,고라니,해당없음,해당없음,2021-04-26,2021-04-26,방생,기타,2021-09-13
조강(Aves),2021-0189,집비둘기,해당없음,해당없음,2021-04-27,2021-05-07,방생,건물옆,2021-09-13
조강(Aves),2021-0190,까치,해당없음,해당없음,2021-04-27,2021-06-04,방생,건물옆,2021-09-13
조강(Aves),2021-0191,까치,해당없음,해당없음,2021-04-27,2021-04-27,DOA,건물옆,2021-09-13
조강(Aves),2021-0192,소쩍새,324-6,해당없음,2021-04-27,2021-04-30,방생,건물옆,2021-09-13
조강(Aves),2021-0193,곤줄박이,해당없음,해당없음,2021-04-28,2021-05-02,폐사,건물옆,2021-09-13
조강(Aves),2021-0194,곤줄박이,해당없음,해당없음,2021-04-28,2021-05-01,폐사,건물옆,2021-09-13
조강(Aves),2021-0195,곤줄박이,해당없음,해당없음,2021-04-28,2021-05-02,폐사,건물옆,2021-09-13
조강(Aves),2021-0196,곤줄박이,해당없음,해당없음,2021-04-28,2021-05-04,폐사,건물옆,2021-09-13
조강(Aves),2021-0197,곤줄박이,해당없음,해당없음,2021-04-28,2021-05-02,폐사,건물옆,2021-09-13
조강(Aves),2021-0198,곤줄박이,해당없음,해당없음,2021-04-28,2021-05-03,폐사,도로변,2021-09-13
조강(Aves),2021-0199,까치,해당없음,해당없음,2021-04-28,2021-04-28,DOA,도로변,2021-09-13
조강(Aves),2021-0200,멧비둘기,해당없음,해당없음,2021-04-28,2021-04-29,안락사,건물옆,2021-09-13
조강(Aves),2021-0201,까치,해당없음,해당없음,2021-04-28,2021-04-29,DOA,도로변,2021-09-13
조강(Aves),2021-0202,까치,해당없음,해당없음,2021-04-28,2021-04-29,DOA,건물옆,2021-09-13
조강(Aves),2021-0203,멧비둘기,해당없음,해당없음,2021-04-29,2021-04-29,DOA,도로변,2021-09-13
조강(Aves),2021-0204,물총새,해당없음,해당없음,2021-04-29,2021-04-29,DOA,건물옆,2021-09-13
조강(Aves),2021-0205,까치,해당없음,해당없음,2021-04-29,2021-04-29,DOA,건물옆,2021-09-13
조강(Aves),2021-0206,물총새,해당없음,해당없음,2021-04-30,2021-05-01,DOA,건물옆,2021-09-13
조강(Aves),2021-0207,집비둘기,해당없음,해당없음,2021-04-30,2021-08-14,방생,건물옆,2021-09-13
조강(Aves),2021-0208,황조롱이,323-8,해당없음,2021-04-30,2021-05-06,안락사,건물옆,2021-09-13
조강(Aves),2021-0209,북방검은머리쑥새,해당없음,해당없음,2021-05-01,2021-05-01,방생,건물옆,2021-09-13
포유강(Mammalia),2021-0210,고라니,해당없음,해당없음,2021-05-02,2021-05-02,DOA,건물옆,2021-09-13
포유강(Mammalia),2021-0211,고라니,해당없음,해당없음,2021-05-02,2021-05-02,DOA,도로변,2021-09-13
포유강(Mammalia),2021-0212,고라니,해당없음,해당없음,2021-05-02,2021-05-02,DOA,도로변,2021-09-13
조강(Aves),2021-0213,까치,해당없음,해당없음,2021-05-02,2021-05-27,방생,도로변,2021-09-13
포유강(Mammalia),2021-0214,노루,해당없음,해당없음,2021-05-03,2021-05-04,방생,농경지,2021-09-13
포유강(Mammalia),2021-0215,하늘다람쥐,328,2 급,2021-05-03,2021-06-10,방생,도로변,2021-09-13
포유강(Mammalia),2021-0216,너구리,해당없음,해당없음,2021-05-03,2021-05-27,방생,건물옆,2021-09-13
조강(Aves),2021-0217,소쩍새,324-6,해당없음,2021-05-03,2021-05-07,방생,기타,2021-09-13
조강(Aves),2021-0218,참새,해당없음,해당없음,2021-05-04,2021-05-25,방생,건물옆,2021-09-13
조강(Aves),2021-0219,청딱다구리,해당없음,해당없음,2021-05-04,2021-05-24,안락사,건물옆,2021-09-13
조강(Aves),2021-0220,박새,해당없음,해당없음,2021-05-04,2021-05-04,DOA,건물옆,2021-09-13
조강(Aves),2021-0221,참새,해당없음,해당없음,2021-05-04,2021-05-04,DOA,건물옆,2021-09-13
조강(Aves),2021-0222,까치,해당없음,해당없음,2021-05-05,2021-05-27,방생,건물옆,2021-09-13
조강(Aves),2021-0223,까치,해당없음,해당없음,2021-05-05,2021-05-27,방생,건물옆,2021-09-13
포유강(Mammalia),2021-0224,고라니,해당없음,해당없음,2021-05-05,2021-05-05,방생,건물옆,2021-09-13
조강(Aves),2021-0225,집비둘기,해당없음,해당없음,2021-05-05,2021-08-14,방생,건물옆,2021-09-13
조강(Aves),2021-0226,까치,해당없음,해당없음,2021-05-06,2021-06-04,방생,건물옆,2021-09-13
조강(Aves),2021-0227,솔부엉이,324-3,해당없음,2021-05-06,2021-05-06,안락사,기타,2021-09-13
조강(Aves),2021-0228,곤줄박이,해당없음,해당없음,2021-05-06,2021-06-01,방생,건물옆,2021-09-13
조강(Aves),2021-0229,황조롱이,323-8,해당없음,2021-05-06,2021-08-05,방생,건물옆,2021-09-13
조강(Aves),2021-0230,까치,해당없음,해당없음,2021-05-06,2021-05-06,DOA,건물옆,2021-09-13
조강(Aves),2021-0231,호랑지빠귀,해당없음,해당없음,2021-05-05,2021-05-06,DOA,건물옆,2021-09-13
조강(Aves),2021-0232,솔부엉이,324-3,해당없음,2021-05-07,2021-05-31,안락사,기타,2021-09-13
조강(Aves),2021-0233,까치,해당없음,해당없음,2021-05-07,2021-06-04,방생,기타,2021-09-13
조강(Aves),2021-0234,직박구리,해당없음,해당없음,2021-05-07,2021-05-07,안락사,건물옆,2021-09-13
조강(Aves),2021-0235,까치,해당없음,해당없음,2021-05-07,2021-06-04,방생,기타,2021-09-13
조강(Aves),2021-0236,솔부엉이,324-3,해당없음,2021-05-08,2021-06-09,방생,건물옆,2021-09-13
조강(Aves),2021-0237,소쩍새,324-6,해당없음,2021-05-09,2021-06-09,방생,도로변,2021-09-13
포유강(Mammalia),2021-0238,오소리,해당없음,해당없음,2021-05-09,2021-05-09,방생,건물옆,2021-09-13
조강(Aves),2021-0239,까치,해당없음,해당없음,2021-05-09,2021-05-10,DOA,도로변,2021-09-13
조강(Aves),2021-0240,까치,해당없음,해당없음,2021-05-09,2021-05-10,DOA,도로변,2021-09-13
포유강(Mammalia),2021-0241,고라니,해당없음,해당없음,2021-05-10,2021-05-10,DOA,도로변,2021-09-13
조강(Aves),2021-0242,집비둘기,해당없음,해당없음,2021-05-10,2021-05-14,안락사,건물옆,2021-09-13
포유강(Mammalia),2021-0243,고라니,해당없음,해당없음,2021-05-10,2021-05-10,안락사,숲,2021-09-13
조강(Aves),2021-0244,박새,해당없음,해당없음,2021-05-10,2021-05-10,DOA,건물옆,2021-09-13
조강(Aves),2021-0245,집비둘기,해당없음,해당없음,2021-05-10,2021-08-14,방생,건물옆,2021-09-13
조강(Aves),2021-0246,호랑지빠귀,해당없음,해당없음,2021-05-11,2021-05-11,DOA,건물옆,2021-09-13
조강(Aves),2021-0247,집비둘기,해당없음,해당없음,2021-05-11,2021-06-25,방생,건물옆,2021-09-13
포유강(Mammalia),2021-0248,고라니,해당없음,해당없음,2021-05-11,2021-05-11,DOA,건물옆,2021-09-13
포유강(Mammalia),2021-0249,고라니,해당없음,해당없음,2021-05-11,2021-05-11,안락사,숲,2021-09-13
포유강(Mammalia),2021-0250,고라니,해당없음,해당없음,2021-05-11,2021-05-12,안락사,도로변,2021-09-13
조강(Aves),2021-0251,참새,해당없음,해당없음,2021-05-12,2021-05-12,안락사,건물옆,2021-09-13
조강(Aves),2021-0252,까치,해당없음,해당없음,2021-05-12,2021-05-12,DOA,도로변,2021-09-13
조강(Aves),2021-0253,집비둘기,해당없음,해당없음,2021-05-12,2021-05-12,DOA,도로변,2021-09-13
조강(Aves),2021-0254,까치,해당없음,해당없음,2021-05-12,2021-06-04,방생,숲,2021-09-13
조강(Aves),2021-0255,파랑새,해당없음,해당없음,2021-05-12,2021-05-13,DOA,도로변,2021-09-13
조강(Aves),2021-0256,파랑새,해당없음,해당없음,2021-05-12,2021-07-12,방생,건물옆,2021-09-13
포유강(Mammalia),2021-0257,고라니,해당없음,해당없음,2021-05-12,2021-05-13,DOA,도로변,2021-09-13
조강(Aves),2021-0258,비둘기조롱이,해당없음,해당없음,2021-05-13,2021-05-18,안락사,건물옆,2021-09-13
조강(Aves),2021-0259,수리부엉이,324-2,2 급,2021-05-13,2021-05-13,안락사,숲,2021-09-13
조강(Aves),2021-0260,까치,해당없음,해당없음,2021-05-13,2021-05-14,DOA,건물옆,2021-09-13
조강(Aves),2021-0261,참새,해당없음,해당없음,2021-05-13,2021-06-06,방생,건물옆,2021-09-13
조강(Aves),2021-0262,참새,해당없음,해당없음,2021-05-14,2021-05-14,DOA,건물옆,2021-09-13
포유강(Mammalia),2021-0263,고라니,해당없음,해당없음,2021-05-14,2021-05-14,DOA,도로변,2021-09-13
조강(Aves),2021-0264,집비둘기,해당없음,해당없음,2021-05-14,2021-05-14,안락사,기타,2021-09-13
조강(Aves),2021-0265,집비둘기,해당없음,해당없음,2021-05-14,2021-06-24,방생,기타,2021-09-13
포유강(Mammalia),2021-0266,고라니,해당없음,해당없음,2021-05-15,2021-05-17,안락사,도로변,2021-09-13
조강(Aves),2021-0267,집비둘기,해당없음,해당없음,2021-05-17,2021-06-09,방생,건물옆,2021-09-13
조강(Aves),2021-0268,멧비둘기,해당없음,해당없음,2021-05-17,2021-05-18,안락사,도로변,2021-09-13
조강(Aves),2021-0269,까치,해당없음,해당없음,2021-05-17,2021-05-17,안락사,도로변,2021-09-13
포유강(Mammalia),2021-0270,고라니,해당없음,해당없음,2021-05-18,2021-05-18,안락사,도로변,2021-09-13
조강(Aves),2021-0271,쇠딱다구리,해당없음,해당없음,2021-05-18,2021-05-18,DOA,건물옆,2021-09-13
조강(Aves),2021-0272,왜가리,해당없음,해당없음,2021-05-19,2021-05-27,방생,숲,2021-09-13
조강(Aves),2021-0273,솔부엉이,324-3,해당없음,2021-05-20,2021-05-30,안락사,건물옆,2021-09-13
조강(Aves),2021-0274,황조롱이,323-8,해당없음,2021-05-21,2021-08-05,방생,건물옆,2021-09-13
조강(Aves),2021-0275,까치,해당없음,해당없음,2021-05-22,2021-06-04,방생,기타,2021-09-13
조강(Aves),2021-0276,박새,해당없음,해당없음,2021-05-22,2021-06-06,방생,건물옆,2021-09-13
조강(Aves),2021-0277,박새,해당없음,해당없음,2021-05-22,2021-06-06,방생,건물옆,2021-09-13
조강(Aves),2021-0278,박새,해당없음,해당없음,2021-05-22,2021-06-06,폐사,건물옆,2021-09-13
조강(Aves),2021-0279,박새,해당없음,해당없음,2021-05-22,2021-06-06,방생,건물옆,2021-09-13
조강(Aves),2021-0280,박새,해당없음,해당없음,2021-05-22,2021-05-29,폐사,건물옆,2021-09-13
포유강(Mammalia),2021-0281,고라니,해당없음,해당없음,2021-05-22,2021-05-22,DOA,숲,2021-09-13
조강(Aves),2021-0282,팔색조,204,2 급,2021-05-22,2021-06-07,안락사,건물옆,2021-09-13
조강(Aves),2021-0283,붉은부리찌르레기,해당없음,해당없음,2021-05-22,2021-06-09,방생,건물옆,2021-09-13
조강(Aves),2021-0284,황조롱이,323-8,해당없음,2021-05-22,2021-06-25,안락사,건물옆,2021-09-13
조강(Aves),2021-0285,황조롱이,323-8,해당없음,2021-05-22,2021-08-05,방생,건물옆,2021-09-13
조강(Aves),2021-0286,솔부엉이,324-3,해당없음,2021-05-23,2021-06-01,방생,건물옆,2021-09-13
조강(Aves),2021-0287,찌르레기,해당없음,해당없음,2021-05-23,2021-06-09,방생,기타,2021-09-13
조강(Aves),2021-0288,찌르레기,해당없음,해당없음,2021-05-23,2021-06-09,방생,기타,2021-09-13
조강(Aves),2021-0289,흰뺨검둥오리,해당없음,해당없음,2021-05-23,2021-05-24,DOA,강 바다,2021-09-13
조강(Aves),2021-0290,솔부엉이,324-3,해당없음,2021-05-24,2021-05-26,폐사,건물옆,2021-09-13
조강(Aves),2021-0291,집비둘기,해당없음,해당없음,2021-05-24,2021-05-27,방생,건물옆,2021-09-13
조강(Aves),2021-0292,곤줄박이,해당없음,해당없음,2021-05-24,2021-05-29,폐사,건물옆,2021-09-13
조강(Aves),2021-0293,황조롱이,323-8,해당없음,2021-05-25,2021-08-05,방생,건물옆,2021-09-13
포유강(Mammalia),2021-0294,고라니,해당없음,해당없음,2021-05-25,2021-05-31,방생,강 바다,2021-09-13
포유강(Mammalia),2021-0295,고라니,해당없음,해당없음,2021-05-25,2021-05-26,안락사,숲,2021-09-13
조강(Aves),2021-0296,동박새,해당없음,해당없음,2021-05-25,2021-05-25,안락사,건물옆,2021-09-13
조강(Aves),2021-0297,황조롱이,323-8,해당없음,2021-05-25,2021-08-05,방생,건물옆,2021-09-13
조강(Aves),2021-0298,큰부리까마귀,해당없음,해당없음,2021-05-26,2021-07-12,방생,도로변,2021-09-13
조강(Aves),2021-0299,참새,해당없음,해당없음,2021-05-26,2021-05-26,안락사,건물옆,2021-09-13
조강(Aves),2021-0300,황조롱이,323-8,해당없음,2021-05-26,2021-08-05,방생,건물옆,2021-09-13
조강(Aves),2021-0301,쏙독새,해당없음,해당없음,2021-05-26,2021-05-27,DOA,기타,2021-09-13
조강(Aves),2021-0302,딱새,해당없음,해당없음,2021-05-26,2021-05-26,DOA,도로변,2021-09-13
조강(Aves),2021-0303,황조롱이,323-8,해당없음,2021-05-27,2021-08-05,방생,건물옆,2021-09-13
조강(Aves),2021-0304,솔부엉이,324-3,해당없음,2021-05-27,2021-05-29,방생,건물옆,2021-09-13
파충강(Reptilia),2021-0305,자라,해당없음,해당없음,2021-05-27,2021-06-09,방생,강 바다,2021-09-13
파충강(Reptilia),2021-0306,자라,해당없음,해당없음,2021-05-27,2021-06-09,방생,강 바다,2021-09-13
조강(Aves),2021-0307,곤줄박이,해당없음,해당없음,2021-05-27,2021-05-30,폐사,기타,2021-09-13
조강(Aves),2021-0308,까치,해당없음,해당없음,2021-05-27,2021-05-28,DOA,도로변,2021-09-13
조강(Aves),2021-0309,집비둘기,해당없음,해당없음,2021-05-28,2021-05-28,DOA,도로변,2021-09-13
조강(Aves),2021-0310,직박구리,해당없음,해당없음,2021-05-28,2021-05-30,폐사,건물옆,2021-09-13
조강(Aves),2021-0311,박새,해당없음,해당없음,2021-05-28,2021-06-08,방생,건물옆,2021-09-13
조강(Aves),2021-0312,박새,해당없음,해당없음,2021-05-28,2021-06-08,방생,건물옆,2021-09-13
조강(Aves),2021-0313,박새,해당없음,해당없음,2021-05-28,2021-06-08,방생,건물옆,2021-09-13
조강(Aves),2021-0314,꿩,해당없음,해당없음,2021-05-29,2021-06-02,폐사,건물옆,2021-09-13
조강(Aves),2021-0315,붉은머리오목눈이,해당없음,해당없음,2021-05-29,2021-07-11,방생,기타,2021-09-13
조강(Aves),2021-0316,솔부엉이,324-3,해당없음,2021-05-30,2021-05-31,DOA,건물옆,2021-09-13
조강(Aves),2021-0317,집비둘기,해당없음,해당없음,2021-05-30,2021-06-07,안락사,건물옆,2021-09-13
조강(Aves),2021-0318,황조롱이,323-8,해당없음,2021-05-30,2021-08-05,방생,건물옆,2021-09-13
포유강(Mammalia),2021-0319,고라니,해당없음,해당없음,2021-05-31,2021-06-01,DOA,기타,2021-09-13
조강(Aves),2021-0320,참새,해당없음,해당없음,2020-05-31,2021-06-01,DOA,건물옆,2021-09-13
조강(Aves),2021-0321,솔부엉이,324-3,해당없음,2021-05-31,2021-06-04,방생,건물옆,2021-09-13
조강(Aves),2021-0322,황조롱이,323-8,해당없음,2021-05-31,2021-06-01,안락사,건물옆,2021-09-13
포유강(Mammalia),2021-0323,고라니,해당없음,해당없음,2021-06-01,2021-06-01,방생,건물옆,2021-09-13
조강(Aves),2021-0324,집비둘기,해당없음,해당없음,2021-06-01,2021-06-01,DOA,건물옆,2021-09-13
조강(Aves),2021-0325,직박구리,해당없음,해당없음,2021-06-01,2021-06-02,DOA,건물옆,2021-09-13
조강(Aves),2021-0326,참새,해당없음,해당없음,2021-06-01,2021-06-02,DOA,건물옆,2021-09-13
조강(Aves),2021-0327,직박구리,해당없음,해당없음,2021-06-01,2021-06-02,DOA,건물옆,2021-09-13
조강(Aves),2021-0328,까치,해당없음,해당없음,2021-06-02,2021-06-02,안락사,건물옆,2021-09-13
조강(Aves),2021-0329,직박구리,해당없음,해당없음,2021-06-02,2021-06-07,폐사,건물옆,2021-09-13
조강(Aves),2021-0330,직박구리,해당없음,해당없음,2021-06-02,2021-06-05,폐사,건물옆,2021-09-13
조강(Aves),2021-0331,까치,해당없음,해당없음,2021-06-02,2021-07-18,폐사,도로변,2021-09-13
조강(Aves),2021-0332,참새,해당없음,해당없음,2021-06-02,2021-06-02,DOA,건물옆,2021-09-13
조강(Aves),2021-0333,집비둘기,해당없음,해당없음,2021-06-02,2021-07-12,방생,기타,2021-09-13
포유강(Mammalia),2021-0334,고라니,해당없음,해당없음,2021-06-03,2021-06-06,폐사,숲,2021-09-13
조강(Aves),2021-0335,황조롱이,323-8,해당없음,2021-06-04,2021-08-05,방생,건물옆,2021-09-13
포유강(Mammalia),2021-0336,고라니,해당없음,해당없음,2021-06-04,2021-06-04,안락사,건물옆,2021-09-13
조강(Aves),2021-0337,큰부리까마귀,해당없음,해당없음,2021-06-04,2021-07-12,방생,건물옆,2021-09-13
조강(Aves),2021-0338,큰부리까마귀,해당없음,해당없음,2021-06-04,2021-08-08,폐사,건물옆,2021-09-13
조강(Aves),2021-0339,황조롱이,323-8,해당없음,2021-06-04,2021-08-05,방생,기타,2021-09-13
조강(Aves),2021-0340,황조롱이,323-8,해당없음,2021-06-04,2021-08-05,방생,도로변,2021-09-13
조강(Aves),2021-0341,매,323-7,1 급,2021-06-04,2021-06-04,계류,건물옆,2021-09-13
포유강(Mammalia),2021-0342,고라니,해당없음,해당없음,2021-06-05,2021-06-10,폐사,건물옆,2021-09-13
포유강(Mammalia),2021-0343,너구리,해당없음,해당없음,2021-06-05,2021-06-06,안락사,도로변,2021-09-13
포유강(Mammalia),2021-0344,너구리,해당없음,해당없음,2021-06-06,2021-06-06,안락사,건물옆,2021-09-13
조강(Aves),2021-0345,큰부리까마귀,해당없음,해당없음,2021-06-06,2021-06-10,폐사,도로변,2021-09-13
조강(Aves),2021-0346,집비둘기,해당없음,해당없음,2021-06-06,2021-06-06,안락사,건물옆,2021-09-13
조강(Aves),2021-0347,멧비둘기,해당없음,해당없음,2021-06-07,2021-06-07,DOA,건물옆,2021-09-13
조강(Aves),2021-0348,참새,해당없음,해당없음,2021-06-07,2021-07-01,폐사,건물옆,2021-09-13
조강(Aves),2021-0349,붉은부리찌르레기,해당없음,해당없음,2021-06-07,2021-06-08,방생,건물옆,2021-09-13
조강(Aves),2021-0350,집비둘기,해당없음,해당없음,2021-06-07,2021-07-12,방생,건물옆,2021-09-13
조강(Aves),2021-0351,수리부엉이,324-2,2 급,2021-06-07,2021-06-21,안락사,건물옆,2021-09-13
조강(Aves),2021-0352,참새,해당없음,해당없음,2021-06-08,2021-06-08,DOA,건물옆,2021-09-13
조강(Aves),2021-0353,참새,해당없음,해당없음,2021-06-08,2021-06-09,DOA,건물옆,2021-09-13
포유강(Mammalia),2021-0354,너구리,해당없음,해당없음,2021-06-09,2021-08-11,방생,농경지,2021-09-13
포유강(Mammalia),2021-0355,너구리,해당없음,해당없음,2021-06-09,2021-08-11,방생,농경지,2021-09-13
조강(Aves),2021-0356,꿩,해당없음,해당없음,2021-06-09,2021-06-26,폐사,도로변,2021-09-13
조강(Aves),2021-0357,꿩,해당없음,해당없음,2021-06-09,2021-06-25,폐사,도로변,2021-09-13
조강(Aves),2021-0358,꿩,해당없음,해당없음,2021-06-09,2021-06-26,폐사,도로변,2021-09-13
조강(Aves),2021-0359,집비둘기,해당없음,해당없음,2021-06-09,2021-06-17,방생,건물옆,2021-09-13
포유강(Mammalia),2021-0360,고라니,해당없음,해당없음,2021-06-09,2021-06-10,DOA,도로변,2021-09-13
조강(Aves),2021-0361,집비둘기,해당없음,해당없음,2021-06-10,2021-07-12,방생,건물옆,2021-09-13
조강(Aves),2021-0362,참새,해당없음,해당없음,2021-06-10,2021-06-12,폐사,건물옆,2021-09-13
조강(Aves),2021-0363,집비둘기,해당없음,해당없음,2021-06-11,2021-06-22,안락사,기타,2021-09-13
조강(Aves),2021-0364,박새,해당없음,해당없음,2021-06-11,2021-06-12,DOA,건물옆,2021-09-13
조강(Aves),2021-0365,황조롱이,323-8,해당없음,2021-06-11,2021-08-05,방생,건물옆,2021-09-13
조강(Aves),2021-0366,큰부리까마귀,해당없음,해당없음,2021-06-11,2021-08-31,폐사,기타,2021-09-13
포유강(Mammalia),2021-0367,고라니,해당없음,해당없음,2021-06-12,2021-06-12,방생,농경지,2021-09-13
조강(Aves),2021-0368,황조롱이,323-8,해당없음,2021-06-12,2021-08-05,방생,건물옆,2021-09-13
조강(Aves),2021-0369,참새,해당없음,해당없음,2021-06-12,2021-06-12,DOA,건물옆,2021-09-13
조강(Aves),2021-0370,집비둘기,해당없음,해당없음,2021-06-13,2021-06-14,안락사,건물옆,2021-09-13
조강(Aves),2021-0371,집비둘기,해당없음,해당없음,2021-06-13,2021-06-13,DOA,건물옆,2021-09-13
조강(Aves),2021-0372,큰부리까마귀,해당없음,해당없음,2021-06-13,2021-08-14,방생,건물옆,2021-09-13
포유강(Mammalia),2021-0373,고라니,해당없음,해당없음,2021-06-13,2021-06-14,안락사,도로변,2021-09-13
포유강(Mammalia),2021-0374,고라니,해당없음,해당없음,2021-06-14,2021-06-19,폐사,건물옆,2021-09-13
조강(Aves),2021-0375,박새,해당없음,해당없음,2021-06-14,2021-06-14,방생,건물옆,2021-09-13
조강(Aves),2021-0376,박새,해당없음,해당없음,2021-06-14,2021-06-14,방생,건물옆,2021-09-13
조강(Aves),2021-0377,박새,해당없음,해당없음,2021-06-14,2021-06-14,방생,건물옆,2021-09-13
조강(Aves),2021-0378,흰뺨검둥오리,해당없음,해당없음,2021-06-14,2021-06-25,안락사,건물옆,2021-09-13
조강(Aves),2021-0379,참새,해당없음,해당없음,2021-06-14,2021-06-22,폐사,건물옆,2021-09-13
조강(Aves),2021-0380,까치,해당없음,해당없음,2021-06-15,2021-08-01,폐사,건물옆,2021-09-13
조강(Aves),2021-0381,황조롱이,323-8,해당없음,2021-06-15,2021-08-05,방생,건물옆,2021-09-13
조강(Aves),2021-0382,큰부리까마귀,해당없음,해당없음,2021-06-15,2021-07-16,폐사,건물옆,2021-09-13
조강(Aves),2021-0383,흰뺨검둥오리,해당없음,해당없음,2021-06-16,2021-06-17,안락사,농경지,2021-09-13
조강(Aves),2021-0384,집비둘기,해당없음,해당없음,2021-06-17,2021-06-17,DOA,건물옆,2021-09-13
조강(Aves),2021-0385,제비,해당없음,해당없음,2021-06-17,2021-06-17,계류,건물옆,2021-09-13
조강(Aves),2021-0386,참새,해당없음,해당없음,2021-06-17,2021-06-20,폐사,건물옆,2021-09-13
조강(Aves),2021-0387,솔부엉이,324-3,해당없음,2021-06-17,2021-08-14,방생,건물옆,2021-09-13
포유강(Mammalia),2021-0388,고라니,해당없음,해당없음,2021-06-18,2021-06-18,DOA,농경지,2021-09-13
조강(Aves),2021-0389,제비,해당없음,해당없음,2021-06-17,2021-06-18,DOA,건물옆,2021-09-13
조강(Aves),2021-0390,방울새,해당없음,해당없음,2021-06-17,2021-06-20,폐사,건물옆,2021-09-13
포유강(Mammalia),2021-0391,고라니,해당없음,해당없음,2021-06-18,2021-06-18,방생,건물옆,2021-09-13
조강(Aves),2021-0392,오색딱다구리,해당없음,해당없음,2021-06-18,2021-07-12,방생,건물옆,2021-09-13
포유강(Mammalia),2021-0393,노루,해당없음,해당없음,2021-06-18,2021-06-18,안락사,숲,2021-09-13
조강(Aves),2021-0394,황조롱이,323-8,해당없음,2021-06-18,2021-08-05,방생,건물옆,2021-09-13
조강(Aves),2021-0395,참새,해당없음,해당없음,2021-06-18,2021-06-18,방생,건물옆,2021-09-13
조강(Aves),2021-0396,집비둘기,해당없음,해당없음,2021-06-18,2021-06-18,안락사,건물옆,2021-09-13
조강(Aves),2021-0397,황조롱이,323-8,해당없음,2021-06-19,2021-06-20,DOA,도로변,2021-09-13
포유강(Mammalia),2021-0398,고라니,해당없음,해당없음,2021-06-20,2021-06-20,방생,건물옆,2021-09-13
조강(Aves),2021-0399,참새,해당없음,해당없음,2021-06-21,2021-06-23,안락사,건물옆,2021-09-13
조강(Aves),2021-0400,큰부리까마귀,해당없음,해당없음,2021-06-21,2021-06-21,안락사,건물옆,2021-09-13
포유강(Mammalia),2021-0401,고라니,해당없음,해당없음,2021-06-21,2021-06-21,DOA,도로변,2021-09-13
포유강(Mammalia),2021-0402,족제비,해당없음,해당없음,2021-06-21,2021-06-21,방생,건물옆,2021-09-13
포유강(Mammalia),2021-0403,고라니,해당없음,해당없음,2021-06-21,2021-06-21,DOA,도로변,2021-09-13
조강(Aves),2021-0404,까치,해당없음,해당없음,2021-06-21,2021-07-08,폐사,도로변,2021-09-13
조강(Aves),2021-0405,까치,해당없음,해당없음,2021-06-21,2021-06-21,방생,도로변,2021-09-13
조강(Aves),2021-0406,방울새,해당없음,해당없음,2021-06-22,2021-07-08,폐사,건물옆,2021-09-13
조강(Aves),2021-0407,집비둘기,해당없음,해당없음,2021-06-22,2021-06-22,안락사,건물옆,2021-09-13
포유강(Mammalia),2021-0408,고라니,해당없음,해당없음,2021-06-22,2021-06-23,안락사,건물옆,2021-09-13
조강(Aves),2021-0409,직박구리,해당없음,해당없음,2021-06-22,2021-06-23,안락사,건물옆,2021-09-13
조강(Aves),2021-0410,박새,해당없음,해당없음,2021-06-22,2021-07-07,폐사,건물옆,2021-09-13
조강(Aves),2021-0411,오색딱다구리,해당없음,해당없음,2021-06-22,2021-06-23,DOA,도로변,2021-09-13
조강(Aves),2021-0412,참새,해당없음,해당없음,2021-06-23,2021-06-23,안락사,건물옆,2021-09-13
포유강(Mammalia),2021-0413,족제비,해당없음,해당없음,2021-06-23,2021-07-12,방생,도로변,2021-09-13
포유강(Mammalia),2021-0414,너구리,해당없음,해당없음,2021-06-23,2021-06-23,DOA,건물옆,2021-09-13
포유강(Mammalia),2021-0415,고라니,해당없음,해당없음,2021-06-23,2021-06-25,폐사,숲,2021-09-13
포유강(Mammalia),2021-0416,고라니,해당없음,해당없음,2021-06-23,2021-06-23,DOA,숲,2021-09-13
조강(Aves),2021-0417,까치,해당없음,해당없음,2021-06-23,2021-06-23,방생,건물옆,2021-09-13
조강(Aves),2021-0418,박새,해당없음,해당없음,2021-06-23,2021-06-24,DOA,건물옆,2021-09-13
조강(Aves),2021-0419,황로,해당없음,해당없음,2021-06-24,2021-06-25,안락사,농경지,2021-09-13
조강(Aves),2021-0420,까치,해당없음,해당없음,2021-06-24,2021-06-25,DOA,기타,2021-09-13
조강(Aves),2021-0421,까치,해당없음,해당없음,2021-06-24,2021-06-25,DOA,도로변,2021-09-13
조강(Aves),2021-0422,까치,해당없음,해당없음,2021-06-25,2021-06-25,안락사,건물옆,2021-09-13
조강(Aves),2021-0423,흰뺨검둥오리,해당없음,해당없음,2021-06-25,2021-06-26,DOA,건물옆,2021-09-13
조강(Aves),2021-0424,청딱다구리,해당없음,해당없음,2021-06-26,2021-06-29,안락사,건물옆,2021-09-13
조강(Aves),2021-0425,곤줄박이,해당없음,해당없음,2021-06-25,2021-06-26,DOA,건물옆,2021-09-13
조강(Aves),2021-0426,참새,해당없음,해당없음,2021-06-26,2021-08-20,안락사,도로변,2021-09-13
조강(Aves),2021-0427,직박구리,해당없음,해당없음,2021-06-27,2021-07-09,폐사,건물옆,2021-09-13
조강(Aves),2021-0428,제비,해당없음,해당없음,2021-06-27,2021-08-01,폐사,건물옆,2021-09-13
조강(Aves),2021-0429,까치,해당없음,해당없음,2021-06-27,2021-08-03,폐사,건물옆,2021-09-13
조강(Aves),2021-0430,소쩍새,324-6,해당없음,2021-06-27,2021-06-28,DOA,건물옆,2021-09-13
포유강(Mammalia),2021-0431,고라니,해당없음,해당없음,2021-06-28,2021-06-28,DOA,건물옆,2021-09-13
포유강(Mammalia),2021-0432,고라니,해당없음,해당없음,2021-06-28,2021-06-29,안락사,농경지,2021-09-13
조강(Aves),2021-0433,직박구리,해당없음,해당없음,2021-06-28,2021-06-29,안락사,건물옆,2021-09-13
조강(Aves),2021-0434,오색딱다구리,해당없음,해당없음,2021-06-28,2021-07-07,방생,건물옆,2021-09-13
조강(Aves),2021-0435,쇠딱다구리,해당없음,해당없음,2021-06-27,2021-06-28,DOA,건물옆,2021-09-13
포유강(Mammalia),2021-0436,고라니,해당없음,해당없음,2021-06-29,2021-06-29,안락사,숲,2021-09-13
조강(Aves),2021-0437,참새,해당없음,해당없음,2021-06-29,2021-06-29,안락사,건물옆,2021-09-13
포유강(Mammalia),2021-0438,고라니,해당없음,해당없음,2021-06-30,2021-06-30,DOA,도로변,2021-09-13
조강(Aves),2021-0439,딱새,해당없음,해당없음,2021-06-30,2021-06-30,DOA,건물옆,2021-09-13
조강(Aves),2021-0440,꿩,해당없음,해당없음,2021-07-01,2021-07-12,안락사,도로변,2021-09-13
포유강(Mammalia),2021-0441,고라니,해당없음,해당없음,2021-07-01,2021-07-01,방생,농경지,2021-09-13
포유강(Mammalia),2021-0442,고라니,해당없음,해당없음,2021-07-01,2021-07-01,방생,농경지,2021-09-13
조강(Aves),2021-0443,직박구리,해당없음,해당없음,2021-07-01,2021-07-04,폐사,건물옆,2021-09-13
조강(Aves),2021-0444,황조롱이,323-8,해당없음,2021-07-01,2021-08-05,방생,건물옆,2021-09-13
포유강(Mammalia),2021-0445,고라니,해당없음,해당없음,2021-07-01,2021-07-14,안락사,도로변,2021-09-13
조강(Aves),2021-0446,까치,해당없음,해당없음,2021-07-02,2021-07-02,안락사,농경지,2021-09-13
조강(Aves),2021-0447,딱새,해당없음,해당없음,2021-07-02,2021-07-10,안락사,건물옆,2021-09-13
조강(Aves),2021-0448,딱새,해당없음,해당없음,2021-07-02,2021-07-11,폐사,건물옆,2021-09-13
조강(Aves),2021-0449,참새,해당없음,해당없음,2021-07-02,2021-07-10,방생,건물옆,2021-09-13
조강(Aves),2021-0450,멧비둘기,해당없음,해당없음,2021-07-02,2021-08-14,방생,건물옆,2021-09-13
조강(Aves),2021-0451,흰뺨검둥오리,해당없음,해당없음,2021-07-03,2021-08-24,안락사,건물옆,2021-09-13
포유강(Mammalia),2021-0452,고라니,해당없음,해당없음,2021-07-03,2021-07-03,DOA,농경지,2021-09-13
조강(Aves),2021-0453,흰뺨검둥오리,해당없음,해당없음,2021-07-04,2021-08-26,방생,도로변,2021-09-13
조강(Aves),2021-0454,흰뺨검둥오리,해당없음,해당없음,2021-07-04,2021-09-13,방생,도로변,2021-09-13
조강(Aves),2021-0455,흰뺨검둥오리,해당없음,해당없음,2021-07-04,2021-08-26,방생,도로변,2021-09-13
조강(Aves),2021-0456,흰뺨검둥오리,해당없음,해당없음,2021-07-04,2021-08-26,방생,도로변,2021-09-13
조강(Aves),2021-0457,흰뺨검둥오리,해당없음,해당없음,2021-07-04,2021-08-26,방생,도로변,2021-09-13
조강(Aves),2021-0458,흰뺨검둥오리,해당없음,해당없음,2021-07-04,2021-07-06,폐사,도로변,2021-09-13
조강(Aves),2021-0459,흰뺨검둥오리,해당없음,해당없음,2021-07-04,2021-08-26,방생,도로변,2021-09-13
조강(Aves),2021-0460,흰뺨검둥오리,해당없음,해당없음,2021-07-04,2021-08-26,방생,도로변,2021-09-13
조강(Aves),2021-0461,흰뺨검둥오리,해당없음,해당없음,2021-07-04,2021-08-26,방생,도로변,2021-09-13
조강(Aves),2021-0462,흰뺨검둥오리,해당없음,해당없음,2021-07-04,2021-08-26,방생,도로변,2021-09-13
조강(Aves),2021-0463,흰뺨검둥오리,해당없음,해당없음,2021-07-04,2021-09-13,방생,도로변,2021-09-13
조강(Aves),2021-0464,흰뺨검둥오리,해당없음,해당없음,2021-07-04,2021-09-06,방생,도로변,2021-09-13
조강(Aves),2021-0465,흰뺨검둥오리,해당없음,해당없음,2021-07-04,2021-09-13,방생,도로변,2021-09-13
조강(Aves),2021-0466,참새,해당없음,해당없음,2021-07-04,2021-08-15,폐사,기타,2021-09-13
조강(Aves),2021-0467,직박구리,해당없음,해당없음,2021-07-04,2021-07-07,방생,건물옆,2021-09-13
조강(Aves),2021-0468,멧비둘기,해당없음,해당없음,2021-07-04,2021-08-14,방생,건물옆,2021-09-13
포유강(Mammalia),2021-0469,고라니,해당없음,해당없음,2021-07-05,2021-07-05,안락사,도로변,2021-09-13
조강(Aves),2021-0470,집비둘기,해당없음,해당없음,2021-07-05,2021-07-05,DOA,건물옆,2021-09-13
조강(Aves),2021-0471,파랑새,해당없음,해당없음,2021-07-05,2021-07-10,방생,도로변,2021-09-13
조강(Aves),2021-0472,딱새,해당없음,해당없음,2021-07-05,2021-07-06,안락사,건물옆,2021-09-13
포유강(Mammalia),2021-0473,고라니,해당없음,해당없음,2021-07-06,2021-07-06,안락사,도로변,2021-09-13
조강(Aves),2021-0474,직박구리,해당없음,해당없음,2021-07-06,2021-07-09,폐사,건물옆,2021-09-13
조강(Aves),2021-0475,직박구리,해당없음,해당없음,2021-07-06,2021-07-16,안락사,건물옆,2021-09-13
포유강(Mammalia),2021-0476,너구리,해당없음,해당없음,2021-07-06,2021-08-14,방생,농경지,2021-09-13
조강(Aves),2021-0477,직박구리,해당없음,해당없음,2021-07-06,2021-07-06,DOA,도로변,2021-09-13
조강(Aves),2021-0478,제비,해당없음,해당없음,2021-07-06,2021-07-07,DOA,건물옆,2021-09-13
포유강(Mammalia),2021-0479,고라니,해당없음,해당없음,2021-07-07,2021-07-07,안락사,도로변,2021-09-13
조강(Aves),2021-0480,황조롱이,323-8,해당없음,2021-07-07,2021-07-17,안락사,도로변,2021-09-13
포유강(Mammalia),2021-0481,고라니,해당없음,해당없음,2021-07-07,2021-07-07,방생,건물옆,2021-09-13
조강(Aves),2021-0482,직박구리,해당없음,해당없음,2021-07-07,2021-07-14,안락사,건물옆,2021-09-13
포유강(Mammalia),2021-0483,고라니,해당없음,해당없음,2021-07-07,2021-07-07,DOA,건물옆,2021-09-13
포유강(Mammalia),2021-0484,고라니,해당없음,해당없음,2021-07-07,2021-07-07,안락사,건물옆,2021-09-13
포유강(Mammalia),2021-0485,너구리,해당없음,해당없음,2021-07-08,2021-07-23,방생,강 바다,2021-09-13
조강(Aves),2021-0486,직박구리,해당없음,해당없음,2021-07-09,2021-07-09,DOA,기타,2021-09-13
조강(Aves),2021-0487,직박구리,해당없음,해당없음,2021-07-09,2021-07-09,DOA,기타,2021-09-13
조강(Aves),2021-0488,중백로,해당없음,해당없음,2021-07-09,2021-07-09,DOA,강 바다,2021-09-13
조강(Aves),2021-0489,참새,해당없음,해당없음,2021-07-10,2021-07-10,DOA,건물옆,2021-09-13
포유강(Mammalia),2021-0490,고라니,해당없음,해당없음,2021-07-10,2021-08-18,폐사,기타,2021-09-13
조강(Aves),2021-0491,꿩,해당없음,해당없음,2021-07-10,2021-08-03,폐사,숲,2021-09-13
조강(Aves),2021-0492,꿩,해당없음,해당없음,2021-07-10,2021-07-24,폐사,숲,2021-09-13
조강(Aves),2021-0493,꿩,해당없음,해당없음,2021-07-10,2021-08-06,폐사,숲,2021-09-13
조강(Aves),2021-0494,꿩,해당없음,해당없음,2021-07-10,2021-07-25,폐사,숲,2021-09-13
조강(Aves),2021-0495,꿩,해당없음,해당없음,2021-07-10,2021-07-11,폐사,숲,2021-09-13
조강(Aves),2021-0496,꿩,해당없음,해당없음,2021-07-10,2021-07-12,안락사,숲,2021-09-13
조강(Aves),2021-0497,꿩,해당없음,해당없음,2021-07-10,2021-07-11,폐사,숲,2021-09-13
포유강(Mammalia),2021-0498,너구리,해당없음,해당없음,2021-07-10,2021-08-14,방생,강 바다,2021-09-13
조강(Aves),2021-0499,참새,해당없음,해당없음,2021-07-10,2021-07-10,방생,건물옆,2021-09-13
조강(Aves),2021-0500,참새,해당없음,해당없음,2021-07-10,2021-07-12,폐사,도로변,2021-09-13
조강(Aves),2021-0501,참새,해당없음,해당없음,2021-07-10,2021-07-12,폐사,건물옆,2021-09-13
조강(Aves),2021-0502,중백로,해당없음,해당없음,2021-07-12,2021-07-12,안락사,건물옆,2021-09-13
포유강(Mammalia),2021-0503,고라니,해당없음,해당없음,2021-07-13,2021-07-13,안락사,도로변,2021-09-13
조강(Aves),2021-0504,참새,해당없음,해당없음,2021-07-14,2021-07-22,방생,도로변,2021-09-13
조강(Aves),2021-0505,제비,해당없음,해당없음,2021-07-14,2021-07-14,안락사,도로변,2021-09-13
포유강(Mammalia),2021-0506,고라니,해당없음,해당없음,2021-07-14,2021-07-15,DOA,도로변,2021-09-13
조강(Aves),2021-0507,직박구리,해당없음,해당없음,2021-07-15,2021-07-15,DOA,도로변,2021-09-13
포유강(Mammalia),2021-0508,고라니,해당없음,해당없음,2021-07-15,2021-07-15,DOA,농경지,2021-09-13
조강(Aves),2021-0509,집비둘기,해당없음,해당없음,2021-07-15,2021-07-15,안락사,도로변,2021-09-13
조강(Aves),2021-0510,청딱다구리,해당없음,해당없음,2021-07-15,2021-07-16,DOA,건물옆,2021-09-13
조강(Aves),2021-0511,박새,해당없음,해당없음,2021-07-16,2021-07-16,DOA,건물옆,2021-09-13
조강(Aves),2021-0512,까치,해당없음,해당없음,2021-07-16,2021-07-16,DOA,건물옆,2021-09-13
조강(Aves),2021-0513,집비둘기,해당없음,해당없음,2021-07-16,2021-07-17,안락사,건물옆,2021-09-13
조강(Aves),2021-0514,참새,해당없음,해당없음,2021-07-17,2021-07-17,안락사,도로변,2021-09-13
포유강(Mammalia),2021-0515,너구리,해당없음,해당없음,2021-07-17,2021-07-18,폐사,도로변,2021-09-13
포유강(Mammalia),2021-0516,너구리,해당없음,해당없음,2021-07-17,2021-07-18,폐사,도로변,2021-09-13
포유강(Mammalia),2021-0517,너구리,해당없음,해당없음,2021-07-17,2021-07-17,DOA,숲,2021-09-13
조강(Aves),2021-0518,집비둘기,해당없음,해당없음,2021-07-17,2021-07-17,안락사,도로변,2021-09-13
조강(Aves),2021-0519,검은댕기해오라기,해당없음,해당없음,2021-07-18,2021-07-19,폐사,건물옆,2021-09-13
조강(Aves),2021-0520,큰부리까마귀,해당없음,해당없음,2021-07-20,2021-07-20,안락사,건물옆,2021-09-13
조강(Aves),2021-0521,괭이갈매기,해당없음,해당없음,2021-07-19,2021-07-19,폐사체,강 바다,2021-09-13
조강(Aves),2021-0522,푸른얼굴얼가니새,해당없음,해당없음,2021-07-10,2021-08-24,안락사,건물옆,2021-09-13
조강(Aves),2021-0523,박새,해당없음,해당없음,2021-07-19,2021-07-19,DOA,건물옆,2021-09-13
포유강(Mammalia),2021-0524,고라니,해당없음,해당없음,2021-07-20,2021-07-21,안락사,농경지,2021-09-13
조강(Aves),2021-0525,집비둘기,해당없음,해당없음,2021-07-20,2021-07-20,DOA,건물옆,2021-09-13
조강(Aves),2021-0526,까치,해당없음,해당없음,2021-07-20,2021-08-10,폐사,건물옆,2021-09-13
조강(Aves),2021-0527,딱새,해당없음,해당없음,2021-07-20,2021-07-20,DOA,건물옆,2021-09-13
포유강(Mammalia),2021-0528,고라니,해당없음,해당없음,2021-07-21,2021-07-21,DOA,도로변,2021-09-13
조강(Aves),2021-0529,제비,해당없음,해당없음,2021-07-21,2021-08-01,폐사,건물옆,2021-09-13
조강(Aves),2021-0530,솔부엉이,324-3,해당없음,2021-07-22,2021-07-22,계류,도로변,2021-09-13
조강(Aves),2021-0531,집비둘기,해당없음,해당없음,2021-07-22,2021-07-26,안락사,건물옆,2021-09-13
조강(Aves),2021-0532,집비둘기,해당없음,해당없음,2021-07-22,2021-07-23,DOA,건물옆,2021-09-13
조강(Aves),2021-0533,집비둘기,해당없음,해당없음,2021-07-23,2021-07-29,안락사,건물옆,2021-09-13
조강(Aves),2021-0534,직박구리,해당없음,해당없음,2021-07-23,2021-07-27,안락사,건물옆,2021-09-13
조강(Aves),2021-0535,제비,해당없음,해당없음,2021-07-24,2021-08-04,안락사,건물옆,2021-09-13
조강(Aves),2021-0536,집비둘기,해당없음,해당없음,2021-07-24,2021-07-24,안락사,도로변,2021-09-13
조강(Aves),2021-0537,멧비둘기,해당없음,해당없음,2021-07-24,2021-08-14,방생,도로변,2021-09-13
포유강(Mammalia),2021-0538,다람쥐,해당없음,해당없음,2021-07-24,2021-07-25,폐사,건물옆,2021-09-13
조강(Aves),2021-0539,참매,323-1,2 급,2021-07-25,2021-07-29,폐사,건물옆,2021-09-13
조강(Aves),2021-0540,오색딱다구리,해당없음,해당없음,2021-07-25,2021-07-26,방생,건물옆,2021-09-13
조강(Aves),2021-0541,박새,해당없음,해당없음,2021-07-26,2021-07-26,안락사,건물옆,2021-09-13
조강(Aves),2021-0542,찌르레기,해당없음,해당없음,2021-07-26,2021-07-26,DOA,건물옆,2021-09-13
조강(Aves),2021-0543,직박구리,해당없음,해당없음,2021-07-26,2021-07-26,방생,건물옆,2021-09-13
조강(Aves),2021-0544,솔부엉이,324-3,해당없음,2021-07-26,2021-07-26,계류,도로변,2021-09-13
조강(Aves),2021-0545,직박구리,해당없음,해당없음,2021-07-27,2021-08-01,폐사,도로변,2021-09-13
포유강(Mammalia),2021-0546,고라니,해당없음,해당없음,2021-07-27,2021-07-27,안락사,도로변,2021-09-13
조강(Aves),2021-0547,직박구리,해당없음,해당없음,2021-07-27,2021-07-27,안락사,건물옆,2021-09-13
포유강(Mammalia),2021-0548,너구리,해당없음,해당없음,2021-07-28,2021-07-28,안락사,건물옆,2021-09-13
조강(Aves),2021-0549,참새,해당없음,해당없음,2021-07-28,2021-07-28,DOA,건물옆,2021-09-13
조강(Aves),2021-0550,집비둘기,해당없음,해당없음,2021-07-28,2021-07-29,안락사,건물옆,2021-09-13
조강(Aves),2021-0551,흰뺨검둥오리,해당없음,해당없음,2021-07-29,2021-09-13,방생,건물옆,2021-09-13
조강(Aves),2021-0552,흰뺨검둥오리,해당없음,해당없음,2021-07-29,2021-09-13,방생,건물옆,2021-09-13
조강(Aves),2021-0553,흰뺨검둥오리,해당없음,해당없음,2021-07-29,2021-08-26,폐사,건물옆,2021-09-13
조강(Aves),2021-0554,흰뺨검둥오리,해당없음,해당없음,2021-07-29,2021-09-13,방생,건물옆,2021-09-13
조강(Aves),2021-0555,흰뺨검둥오리,해당없음,해당없음,2021-07-29,2021-09-13,방생,건물옆,2021-09-13
조강(Aves),2021-0556,집비둘기,해당없음,해당없음,2021-07-29,2021-08-14,방생,건물옆,2021-09-13
조강(Aves),2021-0557,솔부엉이,324-3,해당없음,2021-07-29,2021-07-29,계류,건물옆,2021-09-13
조강(Aves),2021-0558,집비둘기,해당없음,해당없음,2021-07-30,2021-07-30,계류,건물옆,2021-09-13
포유강(Mammalia),2021-0559,고라니,해당없음,해당없음,2021-07-30,2021-07-31,DOA,도로변,2021-09-13
조강(Aves),2021-0560,집비둘기,해당없음,해당없음,2021-07-31,2021-09-02,방생,건물옆,2021-09-13
파충강(Reptilia),2021-0561,남생이,453,2 급,2021-07-31,2021-08-06,방생,건물옆,2021-09-13
조강(Aves),2021-0562,오색딱다구리,해당없음,해당없음,2021-08-01,2021-08-18,방생,건물옆,2021-09-13
조강(Aves),2021-0563,수리부엉이,324-2,2 급,2021-08-01,2021-08-18,방생,건물옆,2021-09-13
조강(Aves),2021-0564,멧비둘기,해당없음,해당없음,2021-08-02,2021-08-02,안락사,도로변,2021-09-13
조강(Aves),2021-0565,멧비둘기,해당없음,해당없음,2021-08-02,2021-08-02,안락사,건물옆,2021-09-13
조강(Aves),2021-0566,딱새,해당없음,해당없음,2021-08-02,2021-08-15,방생,건물옆,2021-09-13
조강(Aves),2021-0567,딱새,해당없음,해당없음,2021-08-02,2021-08-15,방생,건물옆,2021-09-13
조강(Aves),2021-0568,딱새,해당없음,해당없음,2021-08-02,2021-08-15,방생,건물옆,2021-09-13
포유강(Mammalia),2021-0569,고라니,해당없음,해당없음,2021-08-02,2021-08-02,방생,도로변,2021-09-13
조강(Aves),2021-0570,제비,해당없음,해당없음,2021-08-03,2021-09-01,안락사,건물옆,2021-09-13
조강(Aves),2021-0571,멧비둘기,해당없음,해당없음,2021-08-03,2021-09-02,방생,강 바다,2021-09-13
조강(Aves),2021-0572,직박구리,해당없음,해당없음,2021-08-04,2021-08-04,계류,건물옆,2021-09-13
조강(Aves),2021-0573,집비둘기,해당없음,해당없음,2021-08-04,2021-08-04,안락사,건물옆,2021-09-13
조강(Aves),2021-0574,집비둘기,해당없음,해당없음,2021-08-04,2021-08-04,안락사,건물옆,2021-09-13
포유강(Mammalia),2021-0575,고라니,해당없음,해당없음,2021-08-05,2021-08-06,폐사,건물옆,2021-09-13
포유강(Mammalia),2021-0576,고라니,해당없음,해당없음,2021-08-05,2021-08-18,방생,농경지,2021-09-13
조강(Aves),2021-0577,멧비둘기,해당없음,해당없음,2021-08-05,2021-08-08,방생,건물옆,2021-09-13
조강(Aves),2021-0578,중백로,해당없음,해당없음,2021-08-06,2021-08-06,안락사,건물옆,2021-09-13
조강(Aves),2021-0579,직박구리,해당없음,해당없음,2021-08-06,2021-08-23,안락사,기타,2021-09-13
조강(Aves),2021-0580,괭이갈매기,해당없음,해당없음,2021-08-06,2021-08-09,폐사,강 바다,2021-09-13
포유강(Mammalia),2021-0581,수달,330,1 급,2021-08-07,2021-08-08,폐사,강 바다,2021-09-13
조강(Aves),2021-0582,중백로,해당없음,해당없음,2021-08-08,2021-08-08,안락사,숲,2021-09-13
포유강(Mammalia),2021-0583,너구리,해당없음,해당없음,2021-08-08,2021-08-10,폐사,도로변,2021-09-13
포유강(Mammalia),2021-0584,수달,330,1 급,2021-08-09,2021-08-09,계류,강 바다,2021-09-13
포유강(Mammalia),2021-0585,족제비,해당없음,해당없음,2021-08-09,2021-08-09,방생,건물옆,2021-09-13
조강(Aves),2021-0586,직박구리,해당없음,해당없음,2021-08-09,2021-09-03,안락사,도로변,2021-09-13
조강(Aves),2021-0587,제비,해당없음,해당없음,2021-08-10,2021-08-26,방생,건물옆,2021-09-13
포유강(Mammalia),2021-0588,고라니,해당없음,해당없음,2021-08-10,2021-08-11,DOA,건물옆,2021-09-13
조강(Aves),2021-0589,집비둘기,해당없음,해당없음,2021-08-02,2021-09-03,안락사,도로변,2021-09-13
조강(Aves),2021-0590,까치,해당없음,해당없음,2021-08-11,2021-08-11,계류,건물옆,2021-09-13
조강(Aves),2021-0591,소쩍새,324-6,해당없음,2021-08-11,2021-08-15,폐사,건물옆,2021-09-13
조강(Aves),2021-0592,큰오색딱다구리,해당없음,해당없음,2021-08-11,2021-08-12,DOA,도로변,2021-09-13
조강(Aves),2021-0593,직박구리,해당없음,해당없음,2021-08-11,2021-08-12,DOA,도로변,2021-09-13
포유강(Mammalia),2021-0594,고라니,해당없음,해당없음,2021-08-13,2021-08-17,방생,도로변,2021-09-13
조강(Aves),2021-0595,멧비둘기,해당없음,해당없음,2021-08-13,2021-08-13,안락사,건물옆,2021-09-13
파충강(Reptilia),2021-0596,유혈목이,해당없음,해당없음,2021-08-13,2021-08-13,DOA,건물옆,2021-09-13
조강(Aves),2021-0597,집비둘기,해당없음,해당없음,2021-08-13,2021-09-02,방생,건물옆,2021-09-13
조강(Aves),2021-0598,꿩,해당없음,해당없음,2021-08-15,2021-08-15,DOA,도로변,2021-09-13
조강(Aves),2021-0599,괭이갈매기,해당없음,해당없음,2021-08-15,2021-08-16,DOA,강 바다,2021-09-13
조강(Aves),2021-0600,집비둘기,해당없음,해당없음,2021-08-16,2021-08-17,폐사,건물옆,2021-09-13
조강(Aves),2021-0601,파랑새,해당없음,해당없음,2021-08-16,2021-08-16,계류,도로변,2021-09-13
조강(Aves),2021-0602,황로,해당없음,해당없음,2021-08-16,2021-08-17,DOA,강 바다,2021-09-13
포유강(Mammalia),2021-0603,고라니,해당없음,해당없음,2021-08-16,2021-08-17,DOA,도로변,2021-09-13
조강(Aves),2021-0604,호랑지빠귀,해당없음,해당없음,2021-08-17,2021-08-17,DOA,건물옆,2021-09-13
조강(Aves),2021-0605,집비둘기,해당없음,해당없음,2021-08-17,2021-08-17,안락사,건물옆,2021-09-13
조강(Aves),2021-0606,검은댕기해오라기,해당없음,해당없음,2021-08-17,2021-08-19,폐사,도로변,2021-09-13
조강(Aves),2021-0607,솔부엉이,324-3,해당없음,2021-08-18,2021-08-23,안락사,농경지,2021-09-13
조강(Aves),2021-0608,붉은머리오목눈이,해당없음,해당없음,2021-08-18,2021-08-18,폐사체,도로변,2021-09-13
조강(Aves),2021-0609,붉은머리오목눈이,해당없음,해당없음,2021-08-18,2021-08-18,폐사체,도로변,2021-09-13
조강(Aves),2021-0610,붉은머리오목눈이,해당없음,해당없음,2021-08-18,2021-08-18,폐사체,도로변,2021-09-13
조강(Aves),2021-0611,붉은머리오목눈이,해당없음,해당없음,2021-08-18,2021-08-18,폐사체,도로변,2021-09-13
조강(Aves),2021-0612,붉은머리오목눈이,해당없음,해당없음,2021-08-18,2021-08-18,폐사체,도로변,2021-09-13
조강(Aves),2021-0613,붉은머리오목눈이,해당없음,해당없음,2021-08-18,2021-08-18,폐사체,도로변,2021-09-13
조강(Aves),2021-0614,붉은머리오목눈이,해당없음,해당없음,2021-08-18,2021-08-18,폐사체,도로변,2021-09-13
조강(Aves),2021-0615,붉은머리오목눈이,해당없음,해당없음,2021-08-18,2021-08-18,폐사체,도로변,2021-09-13
조강(Aves),2021-0616,붉은머리오목눈이,해당없음,해당없음,2021-08-18,2021-08-18,폐사체,도로변,2021-09-13
조강(Aves),2021-0617,붉은머리오목눈이,해당없음,해당없음,2021-08-18,2021-08-19,DOA,도로변,2021-09-13
조강(Aves),2021-0618,왜가리,해당없음,해당없음,2021-08-18,2021-08-18,DOA,건물옆,2021-09-13
포유강(Mammalia),2021-0619,너구리,해당없음,해당없음,2021-08-19,2021-08-19,DOA,농경지,2021-09-13
조강(Aves),2021-0620,황로,해당없음,해당없음,2021-08-19,2021-08-19,DOA,강 바다,2021-09-13
조강(Aves),2021-0621,집비둘기,해당없음,해당없음,2021-08-19,2021-08-19,안락사,건물옆,2021-09-13
조강(Aves),2021-0622,집비둘기,해당없음,해당없음,2021-08-19,2021-08-19,안락사,건물옆,2021-09-13
조강(Aves),2021-0623,직박구리,해당없음,해당없음,2021-08-19,2021-08-19,계류,건물옆,2021-09-13
조강(Aves),2021-0624,참새,해당없음,해당없음,2021-08-19,2021-08-25,방생,건물옆,2021-09-13
조강(Aves),2021-0625,집비둘기,해당없음,해당없음,2021-08-20,2021-08-21,안락사,건물옆,2021-09-13
조강(Aves),2021-0626,멧비둘기,해당없음,해당없음,2021-08-20,2021-08-20,계류,건물옆,2021-09-13
파충강(Reptilia),2021-0627,남생이,453,2 급,2021-08-20,2021-08-30,방생,기타,2021-09-13
조강(Aves),2021-0628,멧비둘기,해당없음,해당없음,2021-08-22,2021-08-22,DOA,건물옆,2021-09-13
조강(Aves),2021-0629,집비둘기,해당없음,해당없음,2021-08-24,2021-09-13,방생,건물옆,2021-09-13
조강(Aves),2021-0630,멧비둘기,해당없음,해당없음,2021-08-24,2021-08-24,안락사,건물옆,2021-09-13
조강(Aves),2021-0631,집비둘기,해당없음,해당없음,2021-08-24,2021-08-24,계류,도로변,2021-09-13
포유강(Mammalia),2021-0632,족제비,해당없음,해당없음,2021-08-25,2021-08-25,방생,기타,2021-09-13
조강(Aves),2021-0633,뻐꾸기,해당없음,해당없음,2021-08-25,2021-09-13,방생,도로변,2021-09-13
조강(Aves),2021-0634,직박구리,해당없음,해당없음,2021-08-25,2021-09-06,방생,건물옆,2021-09-13
포유강(Mammalia),2021-0635,족제비,해당없음,해당없음,2021-08-25,2021-08-25,안락사,숲,2021-09-13
포유강(Mammalia),2021-0636,고라니,해당없음,해당없음,2021-08-26,2021-08-26,방생,건물옆,2021-09-13
조강(Aves),2021-0637,집비둘기,해당없음,해당없음,2021-08-26,2021-09-06,안락사,건물옆,2021-09-13
조강(Aves),2021-0638,집비둘기,해당없음,해당없음,2021-08-26,2021-08-27,안락사,건물옆,2021-09-13
조강(Aves),2021-0639,소쩍새,324-6,해당없음,2021-08-27,2021-08-27,계류,건물옆,2021-09-13
조강(Aves),2021-0640,집비둘기,해당없음,해당없음,2021-08-27,2021-08-31,안락사,건물옆,2021-09-13
조강(Aves),2021-0641,직박구리,해당없음,해당없음,2021-08-27,2021-08-30,폐사,도로변,2021-09-13
조강(Aves),2021-0642,큰오색딱다구리,해당없음,해당없음,2021-08-28,2021-08-29,DOA,건물옆,2021-09-13
조강(Aves),2021-0643,파랑새,해당없음,해당없음,2021-08-29,2021-08-29,계류,기타,2021-09-13
조강(Aves),2021-0644,흰뺨검둥오리,해당없음,해당없음,2021-08-29,2021-09-10,방생,도로변,2021-09-13
조강(Aves),2021-0645,집비둘기,해당없음,해당없음,2021-08-29,2021-08-30,안락사,도로변,2021-09-13
조강(Aves),2021-0646,멧비둘기,해당없음,해당없음,2021-08-31,2021-08-31,DOA,농경지,2021-09-13
조강(Aves),2021-0647,뻐꾸기,해당없음,해당없음,2021-09-01,2021-09-13,방생,건물옆,2021-09-13
조강(Aves),2021-0648,꾀꼬리,해당없음,해당없음,2021-09-02,2021-09-12,방생,건물옆,2021-09-13
포유강(Mammalia),2021-0649,족제비,해당없음,해당없음,2021-09-02,2021-09-02,방생,건물옆,2021-09-13
조강(Aves),2021-0650,괭이갈매기,해당없음,해당없음,2021-09-02,2021-09-02,DOA,강 바다,2021-09-13
조강(Aves),2021-0651,집비둘기,해당없음,해당없음,2021-09-02,2021-09-02,계류,건물옆,2021-09-13
조강(Aves),2021-0652,직박구리,해당없음,해당없음,2021-08-11,2021-08-11,계류,도로변,2021-09-13
조강(Aves),2021-0653,괭이갈매기,해당없음,해당없음,2021-09-02,2021-09-03,DOA,강 바다,2021-09-13
조강(Aves),2021-0654,집비둘기,해당없음,해당없음,2021-09-03,2021-09-06,안락사,건물옆,2021-09-13
포유강(Mammalia),2021-0655,고라니,해당없음,해당없음,2021-09-04,2021-09-04,계류,도로변,2021-09-13
포유강(Mammalia),2021-0656,고라니,해당없음,해당없음,2021-09-04,2021-09-04,폐사체,도로변,2021-09-13
조강(Aves),2021-0657,집비둘기,해당없음,해당없음,2021-09-04,2021-09-04,계류,건물옆,2021-09-13
조강(Aves),2021-0658,멧비둘기,해당없음,해당없음,2021-09-04,2021-09-10,방생,건물옆,2021-09-13
조강(Aves),2021-0659,집비둘기,해당없음,해당없음,2021-09-05,2021-09-05,DOA,건물옆,2021-09-13
포유강(Mammalia),2021-0660,족제비,해당없음,해당없음,2021-09-06,2021-09-06,방생,건물옆,2021-09-13
조강(Aves),2021-0661,후투티,해당없음,해당없음,2021-09-06,2021-09-06,안락사,건물옆,2021-09-13
조강(Aves),2021-0662,괭이갈매기,해당없음,해당없음,2021-09-06,2021-09-06,안락사,강 바다,2021-09-13
조강(Aves),2021-0663,중백로,해당없음,해당없음,2021-09-07,2021-09-07,DOA,도로변,2021-09-13
조강(Aves),2021-0664,집비둘기,해당없음,해당없음,2021-09-07,2021-09-08,안락사,건물옆,2021-09-13
조강(Aves),2021-0665,소쩍새,324-6,해당없음,2021-09-07,2021-09-08,안락사,건물옆,2021-09-13
포유강(Mammalia),2021-0666,문둥이박쥐,해당없음,해당없음,2021-09-07,2021-09-10,방생,건물옆,2021-09-13
조강(Aves),2021-0667,귀제비,해당없음,해당없음,2021-09-07,2021-09-07,계류,건물옆,2021-09-13
포유강(Mammalia),2021-0668,하늘다람쥐,328,2 급,2021-09-08,2021-09-13,방생,강 바다,2021-09-13
조강(Aves),2021-0669,직박구리,해당없음,해당없음,2021-09-08,2021-09-09,안락사,건물옆,2021-09-13
조강(Aves),2021-0670,집비둘기,해당없음,해당없음,2021-09-08,2021-09-09,DOA,건물옆,2021-09-13
조강(Aves),2021-0671,참새,해당없음,해당없음,2021-09-09,2021-09-09,DOA,건물옆,2021-09-13
조강(Aves),2021-0672,멧비둘기,해당없음,해당없음,2021-09-10,2021-09-10,안락사,건물옆,2021-09-13
포유강(Mammalia),2021-0673,고라니,해당없음,해당없음,2021-09-12,2021-09-12,DOA,도로변,2021-09-13
포유강(Mammalia),2021-0674,고라니,해당없음,해당없음,2021-09-12,2021-09-12,계류,도로변,2021-09-13
조강(Aves),2021-0675,큰유리새,해당없음,해당없음,2021-09-13,2021-09-13,계류,건물옆,2021-09-13
조강(Aves),2021-0676,집비둘기,해당없음,해당없음,2021-09-13,2021-09-13,계류,건물옆,2021-09-13
조강(Aves),2021-0677,집비둘기,해당없음,해당없음,2021-09-13,2021-09-13,안락사,건물옆,2021-09-13
조강(Aves),2021-0678,뻐꾸기,해당없음,해당없음,2021-09-13,2021-09-13,계류,건물옆,2021-09-13
조강(Aves),2021-0679,솔새,해당없음,해당없음,2021-09-13,2021-09-13,계류,건물옆,2021-09-13
